Workbook

Sheet Todos os dados
A1: Cliente | B1: Data Último Relacionamento | C1: Aniversário | D1: Data Próxima Agenda | E1: Oportunidades (Net Pontual + Net Tático) | F1: Data Última Sugestão | G1: Saldo Parado (R$) | H1: Vencimento RF Próximo | I1: Net Vencimento RF | J1: Atualizar Dados Cadastrais
A2: Cliente 1 | B2: 45687 | C2: 45802 | D2: 45797 | E2: 278000 | F2: 45736 | G2: 17262 | H2: 45800 | I2: 91000 | J2: 0
A3: Cliente 2 | B3: 45441 | C3: 45952 | E3: 73000 | F3: 45644 | G3: 9268 | H3: 45868 | I3: 7000 | J3: 0
A4: Cliente 3 | B4: 45519 | C4: 45816 | D4: 45848 | E4: 230000 | F4: 45746 | G4: 21271 | H4: 45796 | I4: 48000 | J4: 1
A5: Cliente 4 | B5: 45683 | C5: 46108 | D5: 45908 | E5: 392000 | F5: 45628 | G5: 12185 | J5: 1
A6: Cliente 5 | B6: 45718 | C6: 45971 | D6: 45841 | E6: 125000 | F6: 45776 | G6: 21243 | J6: 1
A7: Cliente 6 | B7: 45601 | C7: 46007 | E7: 52000 | F7: 45695 | G7: 39099 | J7: 0
A8: Cliente 7 | B8: 45769 | C8: 46093 | E8: 168000 | F8: 45742 | G8: 8571 | H8: 45800 | I8: 52000 | J8: 1
A9: Cliente 8 | B9: 45687 | C9: 45858 | D9: 45832 | E9: 325000 | F9: 45775 | G9: 39976 | H9: 45793 | I9: 10000 | J9: 0
A10: Cliente 9 | B10: 45668 | C10: 45903 | D10: 45835 | E10: 194000 | F10: 45750 | G10: 38044 | H10: 45814 | I10: 69000 | J10: 0
A11: Cliente 10 | B11: 45575 | C11: 45796 | E11: 91000 | F11: 45708 | G11: 49216 | J11: 1

Sheet Calc - Último Relacionamento
A1: Cliente | B1: Data Último Relacionamento
A2: Cliente 1 | B2: 45687
A3: Cliente 2 | B3: 45441
A4: Cliente 3 | B4: 45519
A5: Cliente 4 | B5: 45683
A6: Cliente 5 | B6: 45718
A7: Cliente 6 | B7: 45601
A8: Cliente 7 | B8: 45769
A9: Cliente 8 | B9: 45687
A10: Cliente 9 | B10: 45668
A11: Cliente 10 | B11: 45575
A15: Cliente | B15: diasSemContato | D15: ValorMax | E15: ValorMin | G15: Cliente | H15: Score
A16: Cliente 1 | B16: =TODAY()-B2 -> 102 | D16: =LARGE($B$16:$B$25,1) -> 348 | E16: =SMALL($B$16:$B$25,1) -> 20 | G16: Cliente 1 | H16: =(B16-$E$16)/($D$16-$E$16) -> 0.25
A17: Cliente 2 | B17: =TODAY()-B3 -> 348 | G17: Cliente 2 | H17: =(B17-$E$16)/($D$16-$E$16) -> 1
A18: Cliente 3 | B18: =TODAY()-B4 -> 270 | G18: Cliente 3 | H18: =(B18-$E$16)/($D$16-$E$16) -> 0.76219512
A19: Cliente 4 | B19: =TODAY()-B5 -> 106 | G19: Cliente 4 | H19: =(B19-$E$16)/($D$16-$E$16) -> 0.26219512
A20: Cliente 5 | B20: =TODAY()-B6 -> 71 | G20: Cliente 5 | H20: =(B20-$E$16)/($D$16-$E$16) -> 0.1554878
A21: Cliente 6 | B21: =TODAY()-B7 -> 188 | G21: Cliente 6 | H21: =(B21-$E$16)/($D$16-$E$16) -> 0.51219512
A22: Cliente 7 | B22: =TODAY()-B8 -> 20 | G22: Cliente 7 | H22: =(B22-$E$16)/($D$16-$E$16) -> 0
A23: Cliente 8 | B23: =TODAY()-B9 -> 102 | G23: Cliente 8 | H23: =(B23-$E$16)/($D$16-$E$16) -> 0.25
A24: Cliente 9 | B24: =TODAY()-B10 -> 121 | G24: Cliente 9 | H24: =(B24-$E$16)/($D$16-$E$16) -> 0.30792683
A25: Cliente 10 | B25: =TODAY()-B11 -> 214 | G25: Cliente 10 | H25: =(B25-$E$16)/($D$16-$E$16) -> 0.59146341

Sheet Calc - Aniversário de Cliente
A1: Cliente | B1: Aniversário
A2: Cliente 1 | B2: 45802
A3: Cliente 2 | B3: 45952
A4: Cliente 3 | B4: 45816
A5: Cliente 4 | B5: 46108
A6: Cliente 5 | B6: 45971
A7: Cliente 6 | B7: 46007
A8: Cliente 7 | B8: 46093
A9: Cliente 8 | B9: 45858
A10: Cliente 9 | B10: 45903
A11: Cliente 10 | B11: 45796
A15: Cliente | B15: diasParaAniversario | E15: Cliente | F15: Score
A16: Cliente 1 | B16: =B2-TODAY() -> 13 | E16: Cliente 1 | F16: =IF(B16>30,0,1-(B16/30)) -> 0.56666667
A17: Cliente 2 | B17: =B3-TODAY() -> 163 | E17: Cliente 2 | F17: =IF(B17>30,0,1-(B17/30)) -> 0
A18: Cliente 3 | B18: =B4-TODAY() -> 27 | E18: Cliente 3 | F18: =IF(B18>30,0,1-(B18/30)) -> 0.1
A19: Cliente 4 | B19: =B5-TODAY() -> 319 | E19: Cliente 4 | F19: =IF(B19>30,0,1-(B19/30)) -> 0
A20: Cliente 5 | B20: =B6-TODAY() -> 182 | E20: Cliente 5 | F20: =IF(B20>30,0,1-(B20/30)) -> 0
A21: Cliente 6 | B21: =B7-TODAY() -> 218 | E21: Cliente 6 | F21: =IF(B21>30,0,1-(B21/30)) -> 0
A22: Cliente 7 | B22: =B8-TODAY() -> 304 | E22: Cliente 7 | F22: =IF(B22>30,0,1-(B22/30)) -> 0
A23: Cliente 8 | B23: =B9-TODAY() -> 69 | E23: Cliente 8 | F23: =IF(B23>30,0,1-(B23/30)) -> 0
A24: Cliente 9 | B24: =B10-TODAY() -> 114 | E24: Cliente 9 | F24: =IF(B24>30,0,1-(B24/30)) -> 0
A25: Cliente 10 | B25: =B11-TODAY() -> 7 | E25: Cliente 10 | F25: =IF(B25>30,0,1-(B25/30)) -> 0.76666667

Sheet Calc - Data da Prox Agenda
A1: Cliente | B1: Data Próxima Agenda
A2: Cliente 1 | B2: 45797
A3: Cliente 2
A4: Cliente 3 | B4: 45848
A5: Cliente 4 | B5: 45908
A6: Cliente 5 | B6: 45841
A7: Cliente 6
A8: Cliente 7
A9: Cliente 8 | B9: 45832
A10: Cliente 9 | B10: 45835
A11: Cliente 10
A15: Cliente | B15: diasParaAgenda | D15: ValorMax | E15: ValorMin | G15: Cliente | H15: Score
A16: Cliente 1 | B16: =IF(B2="",0,B2-TODAY()) -> 8 | D16: =LARGE($B$16:$B$25,1) -> 119 | E16: =SMALL($B$16:$B$25,1) -> 0 | G16: Cliente 1 | H16: =IF(B16=0,0,($D$16-B16)/($D$16-$E$16)) -> 0.93277311
A17: Cliente 2 | B17: =IF(B3="",0,B3-TODAY()) -> 0 | G17: Cliente 2 | H17: =IF(B17=0,0,($D$16-B17)/($D$16-$E$16)) -> 0 | J17: O que fazer com clientes sem agenda?
A18: Cliente 3 | B18: =IF(B4="",0,B4-TODAY()) -> 59 | G18: Cliente 3 | H18: =IF(B18=0,0,($D$16-B18)/($D$16-$E$16)) -> 0.50420168
A19: Cliente 4 | B19: =IF(B5="",0,B5-TODAY()) -> 119 | G19: Cliente 4 | H19: =IF(B19=0,0,($D$16-B19)/($D$16-$E$16)) -> 0
A20: Cliente 5 | B20: =IF(B6="",0,B6-TODAY()) -> 52 | G20: Cliente 5 | H20: =IF(B20=0,0,($D$16-B20)/($D$16-$E$16)) -> 0.56302521
A21: Cliente 6 | B21: =IF(B7="",0,B7-TODAY()) -> 0 | G21: Cliente 6 | H21: =IF(B21=0,0,($D$16-B21)/($D$16-$E$16)) -> 0
A22: Cliente 7 | B22: =IF(B8="",0,B8-TODAY()) -> 0 | G22: Cliente 7 | H22: =IF(B22=0,0,($D$16-B22)/($D$16-$E$16)) -> 0
A23: Cliente 8 | B23: =IF(B9="",0,B9-TODAY()) -> 43 | G23: Cliente 8 | H23: =IF(B23=0,0,($D$16-B23)/($D$16-$E$16)) -> 0.63865546
A24: Cliente 9 | B24: =IF(B10="",0,B10-TODAY()) -> 46 | G24: Cliente 9 | H24: =IF(B24=0,0,($D$16-B24)/($D$16-$E$16)) -> 0.61344538
A25: Cliente 10 | B25: =IF(B11="",0,B11-TODAY()) -> 0 | G25: Cliente 10 | H25: =IF(B25=0,0,($D$16-B25)/($D$16-$E$16)) -> 0

Sheet Calc - Oportunidade
A1: Cliente | B1: Oportunidades (Net Pontual + Net Tático)
A2: Cliente 1 | B2: 278000
A3: Cliente 2 | B3: 73000
A4: Cliente 3 | B4: 230000
A5: Cliente 4 | B5: 392000
A6: Cliente 5 | B6: 125000
A7: Cliente 6 | B7: 52000
A8: Cliente 7 | B8: 168000
A9: Cliente 8 | B9: 325000
A10: Cliente 9 | B10: 194000
A11: Cliente 10 | B11: 91000
A18: Cliente | B18: netTotal | D18: ValorMax | E18: ValorMin | G18: Cliente | H18: Score
A19: Cliente 1 | B19: 278000 | D19: =LARGE($B$19:$B$28,1) -> 392000 | E19: =SMALL($B$19:$B$28,1) -> 52000 | G19: Cliente 1 | H19: =(B19-$E$19)/($D$19-$E$19) -> 0.66470588
A20: Cliente 2 | B20: 73000 | G20: Cliente 2 | H20: =(B20-$E$19)/($D$19-$E$19) -> 0.061764706
A21: Cliente 3 | B21: 230000 | G21: Cliente 3 | H21: =(B21-$E$19)/($D$19-$E$19) -> 0.52352941
A22: Cliente 4 | B22: 392000 | G22: Cliente 4 | H22: =(B22-$E$19)/($D$19-$E$19) -> 1
A23: Cliente 5 | B23: 125000 | G23: Cliente 5 | H23: =(B23-$E$19)/($D$19-$E$19) -> 0.21470588
A24: Cliente 6 | B24: 52000 | G24: Cliente 6 | H24: =(B24-$E$19)/($D$19-$E$19) -> 0
A25: Cliente 7 | B25: 168000 | G25: Cliente 7 | H25: =(B25-$E$19)/($D$19-$E$19) -> 0.34117647
A26: Cliente 8 | B26: 325000 | G26: Cliente 8 | H26: =(B26-$E$19)/($D$19-$E$19) -> 0.80294118
A27: Cliente 9 | B27: 194000 | G27: Cliente 9 | H27: =(B27-$E$19)/($D$19-$E$19) -> 0.41764706
A28: Cliente 10 | B28: 91000 | G28: Cliente 10 | H28: =(B28-$E$19)/($D$19-$E$19) -> 0.11470588

Sheet Calc - Última sugestão
A1: Cliente | B1: Data Última Sugestão
A2: Cliente 1 | B2: 45736
A3: Cliente 2 | B3: 45644
A4: Cliente 3 | B4: 45746
A5: Cliente 4 | B5: 45628
A6: Cliente 5 | B6: 45776
A7: Cliente 6 | B7: 45695
A8: Cliente 7 | B8: 45742
A9: Cliente 8 | B9: 45775
A10: Cliente 9 | B10: 45750
A11: Cliente 10 | B11: 45708
A15: Cliente | B15: diasSemSugestão | D15: ValorMax | E15: ValorMin | G15: Cliente | H15: Score
A16: Cliente 1 | B16: =TODAY()-B2 -> 53 | D16: =LARGE($B$16:$B$25,1) -> 161 | E16: =SMALL($B$16:$B$25,1) -> 13 | G16: Cliente 1 | H16: =(B16-$E$16)/($D$16-$E$16) -> 0.27027027
A17: Cliente 2 | B17: =TODAY()-B3 -> 145 | G17: Cliente 2 | H17: =(B17-$E$16)/($D$16-$E$16) -> 0.89189189
A18: Cliente 3 | B18: =TODAY()-B4 -> 43 | G18: Cliente 3 | H18: =(B18-$E$16)/($D$16-$E$16) -> 0.2027027
A19: Cliente 4 | B19: =TODAY()-B5 -> 161 | G19: Cliente 4 | H19: =(B19-$E$16)/($D$16-$E$16) -> 1
A20: Cliente 5 | B20: =TODAY()-B6 -> 13 | G20: Cliente 5 | H20: =(B20-$E$16)/($D$16-$E$16) -> 0
A21: Cliente 6 | B21: =TODAY()-B7 -> 94 | G21: Cliente 6 | H21: =(B21-$E$16)/($D$16-$E$16) -> 0.5472973
A22: Cliente 7 | B22: =TODAY()-B8 -> 47 | G22: Cliente 7 | H22: =(B22-$E$16)/($D$16-$E$16) -> 0.22972973
A23: Cliente 8 | B23: =TODAY()-B9 -> 14 | G23: Cliente 8 | H23: =(B23-$E$16)/($D$16-$E$16) -> 0.0067567568
A24: Cliente 9 | B24: =TODAY()-B10 -> 39 | G24: Cliente 9 | H24: =(B24-$E$16)/($D$16-$E$16) -> 0.17567568
A25: Cliente 10 | B25: =TODAY()-B11 -> 81 | G25: Cliente 10 | H25: =(B25-$E$16)/($D$16-$E$16) -> 0.45945946

Sheet Calc - Saldo em Conta
A1: Cliente | B1: Saldo Parado (R$)
A2: Cliente 1 | B2: 17262
A3: Cliente 2 | B3: 9268
A4: Cliente 3 | B4: 21271
A5: Cliente 4 | B5: 12185
A6: Cliente 5 | B6: 21243
A7: Cliente 6 | B7: 39099
A8: Cliente 7 | B8: 8571
A9: Cliente 8 | B9: 39976
A10: Cliente 9 | B10: 38044
A11: Cliente 10 | B11: 49216
A15: Cliente | B15: netTotal | D15: ValorMax | E15: ValorMin | G15: Cliente | H15: Score
A16: Cliente 1 | B16: 17262 | D16: =LARGE($B$16:$B$25,1) -> 49216 | E16: =SMALL($B$16:$B$25,1) -> 8571 | G16: Cliente 1 | H16: =(B16-$E$16)/($D$16-$E$16) -> 0.21382704
A17: Cliente 2 | B17: 9268 | G17: Cliente 2 | H17: =(B17-$E$16)/($D$16-$E$16) -> 0.017148481
A18: Cliente 3 | B18: 21271 | G18: Cliente 3 | H18: =(B18-$E$16)/($D$16-$E$16) -> 0.31246156
A19: Cliente 4 | B19: 12185 | G19: Cliente 4 | H19: =(B19-$E$16)/($D$16-$E$16) -> 0.088916226
A20: Cliente 5 | B20: 21243 | G20: Cliente 5 | H20: =(B20-$E$16)/($D$16-$E$16) -> 0.31177267
A21: Cliente 6 | B21: 39099 | G21: Cliente 6 | H21: =(B21-$E$16)/($D$16-$E$16) -> 0.75108869
A22: Cliente 7 | B22: 8571 | G22: Cliente 7 | H22: =(B22-$E$16)/($D$16-$E$16) -> 0
A23: Cliente 8 | B23: 39976 | G23: Cliente 8 | H23: =(B23-$E$16)/($D$16-$E$16) -> 0.77266576
A24: Cliente 9 | B24: 38044 | G24: Cliente 9 | H24: =(B24-$E$16)/($D$16-$E$16) -> 0.72513224
A25: Cliente 10 | B25: 49216 | G25: Cliente 10 | H25: =(B25-$E$16)/($D$16-$E$16) -> 1

Sheet Calc - Venc. RF
A1: Cliente | B1: Vencimento RF Próximo | C1: Net Vencimento RF
A2: Cliente 1 | B2: 45800 | C2: 91000
A3: Cliente 2 | B3: 45868 | C3: 7000
A4: Cliente 3 | B4: 45796 | C4: 48000
A5: Cliente 4
A6: Cliente 5
A7: Cliente 6
A8: Cliente 7 | B8: 45800 | C8: 52000
A9: Cliente 8 | B9: 45793 | C9: 10000
A10: Cliente 9 | B10: 45814 | C10: 69000
A11: Cliente 10
A15: Cliente | B15: diasParaVencimento | C15: netVencimento | E15: ValorMax | F15: ValorMin | H15: Cliente | I15: Score
A16: Cliente 1 | B16: =IF(B2="","",B2-TODAY()) -> 11 | C16: =IF(C2="","",C2) -> 91000 | E16: =LARGE($B$16:$B$25,1) -> 79 | F16: =SMALL($B$16:$B$25,1) -> 4 | H16: Cliente 1 | I16: =IFERROR(($E$16-B16)/($E$16-$F$16)*(C16-$F$19)/($E$19-$F$19),0) -> 0.90666667
A17: Cliente 2 | B17: =IF(B3="","",B3-TODAY()) -> 79 | C17: =IF(C3="","",C3) -> 7000 | H17: Cliente 2 | I17: =IFERROR(($E$16-B17)/($E$16-$F$16)*(C17-$F$19)/($E$19-$F$19),0) -> 0
A18: Cliente 3 | B18: =IF(B4="","",B4-TODAY()) -> 7 | C18: =IF(C4="","",C4) -> 48000 | E18: ValorMax_Ven | F18: ValorMin_Ven | H18: Cliente 3 | I18: =IFERROR(($E$16-B18)/($E$16-$F$16)*(C18-$F$19)/($E$19-$F$19),0) -> 0.46857143
A19: Cliente 4 | B19: =IF(B5="","",B5-TODAY()) | C19: =IF(C5="","",C5) | E19: =LARGE($C$16:$C$25,1) -> 91000 | F19: =SMALL($C$16:$C$25,1) -> 7000 | H19: Cliente 4 | I19: =IFERROR(($E$16-B19)/($E$16-$F$16)*(C19-$F$19)/($E$19-$F$19),0) -> 0
A20: Cliente 5 | B20: =IF(B6="","",B6-TODAY()) | C20: =IF(C6="","",C6) | H20: Cliente 5 | I20: =IFERROR(($E$16-B20)/($E$16-$F$16)*(C20-$F$19)/($E$19-$F$19),0) -> 0
A21: Cliente 6 | B21: =IF(B7="","",B7-TODAY()) | C21: =IF(C7="","",C7) | H21: Cliente 6 | I21: =IFERROR(($E$16-B21)/($E$16-$F$16)*(C21-$F$19)/($E$19-$F$19),0) -> 0
A22: Cliente 7 | B22: =IF(B8="","",B8-TODAY()) -> 11 | C22: =IF(C8="","",C8) -> 52000 | H22: Cliente 7 | I22: =IFERROR(($E$16-B22)/($E$16-$F$16)*(C22-$F$19)/($E$19-$F$19),0) -> 0.48571429
A23: Cliente 8 | B23: =IF(B9="","",B9-TODAY()) -> 4 | C23: =IF(C9="","",C9) -> 10000 | H23: Cliente 8 | I23: =IFERROR(($E$16-B23)/($E$16-$F$16)*(C23-$F$19)/($E$19-$F$19),0) -> 0.035714286
A24: Cliente 9 | B24: =IF(B10="","",B10-TODAY()) -> 25 | C24: =IF(C10="","",C10) -> 69000 | H24: Cliente 9 | I24: =IFERROR(($E$16-B24)/($E$16-$F$16)*(C24-$F$19)/($E$19-$F$19),0) -> 0.53142857
A25: Cliente 10 | B25: =IF(B11="","",B11-TODAY()) | C25: =IF(C11="","",C11) | H25: Cliente 10 | I25: =IFERROR(($E$16-B25)/($E$16-$F$16)*(C25-$F$19)/($E$19-$F$19),0) -> 0

Sheet Simulação
A1: Critério | B1: Último Relacionamento | C1: Aniversário de Cliente | D1: Data da Proxima Agenda | E1: Data da última sugestão | F1: Saldo em Conta | G1: Vencimento RF | H1: Oportunidades
A2: Peso | B2: 0.1 | C2: 0.1 | D2: 0.1 | E2: 0.2 | F2: 0.1 | G2: 0.2 | H2: 0.2
A4: Cliente | B4: Último Relacionamento | C4: Aniversário de Cliente | D4: Data da Proxima Agenda | E4: Data da última sugestão | F4: Saldo em Conta | G4: Vencimento RF | H4: Oportunidades | I4: Score Final
A5: Cliente 1 | B5: ='Calc - Último Relacionamento'!H16 -> 0.25 | C5: ='Calc - Aniversário de Cliente'!F16 -> 0.56666667 | D5: ='Calc - Data da Prox Agenda'!H16 -> 0.93277311 | E5: ='Calc - Última sugestão'!H16 -> 0.27027027 | F5: ='Calc - Saldo em Conta'!H16 -> 0.21382704 | G5: ='Calc - Venc. RF'!I16 -> 0.90666667 | H5: ='Calc - Oportunidade'!H19 -> 0.66470588 | I5: =B5*B$2+C5*C$2+D5*D$2+E5*E$2+F5*F$2+G5*G$2+H5*H$2 -> 0.56465525
A6: Cliente 2 | B6: ='Calc - Último Relacionamento'!H17 -> 1 | C6: ='Calc - Aniversário de Cliente'!F17 -> 0 | D6: ='Calc - Data da Prox Agenda'!H17 -> 0 | E6: ='Calc - Última sugestão'!H17 -> 0.89189189 | F6: ='Calc - Saldo em Conta'!H17 -> 0.017148481 | G6: ='Calc - Venc. RF'!I17 -> 0 | H6: ='Calc - Oportunidade'!H20 -> 0.061764706 | I6: =B6*B$2+C6*C$2+D6*D$2+E6*E$2+F6*F$2+G6*G$2+H6*H$2 -> 0.29244617
A7: Cliente 3 | B7: ='Calc - Último Relacionamento'!H18 -> 0.76219512 | C7: ='Calc - Aniversário de Cliente'!F18 -> 0.1 | D7: ='Calc - Data da Prox Agenda'!H18 -> 0.50420168 | E7: ='Calc - Última sugestão'!H18 -> 0.2027027 | F7: ='Calc - Saldo em Conta'!H18 -> 0.31246156 | G7: ='Calc - Venc. RF'!I18 -> 0.46857143 | H7: ='Calc - Oportunidade'!H21 -> 0.52352941 | I7: =B7*B$2+C7*C$2+D7*D$2+E7*E$2+F7*F$2+G7*G$2+H7*H$2 -> 0.40684654
A8: Cliente 4 | B8: ='Calc - Último Relacionamento'!H19 -> 0.26219512 | C8: ='Calc - Aniversário de Cliente'!F19 -> 0 | D8: ='Calc - Data da Prox Agenda'!H19 -> 0 | E8: ='Calc - Última sugestão'!H19 -> 1 | F8: ='Calc - Saldo em Conta'!H19 -> 0.088916226 | G8: ='Calc - Venc. RF'!I19 -> 0 | H8: ='Calc - Oportunidade'!H22 -> 1 | I8: =B8*B$2+C8*C$2+D8*D$2+E8*E$2+F8*F$2+G8*G$2+H8*H$2 -> 0.43511113
A9: Cliente 5 | B9: ='Calc - Último Relacionamento'!H20 -> 0.1554878 | C9: ='Calc - Aniversário de Cliente'!F20 -> 0 | D9: ='Calc - Data da Prox Agenda'!H20 -> 0.56302521 | E9: ='Calc - Última sugestão'!H20 -> 0 | F9: ='Calc - Saldo em Conta'!H20 -> 0.31177267 | G9: ='Calc - Venc. RF'!I20 -> 0 | H9: ='Calc - Oportunidade'!H23 -> 0.21470588 | I9: =B9*B$2+C9*C$2+D9*D$2+E9*E$2+F9*F$2+G9*G$2+H9*H$2 -> 0.14596974
A10: Cliente 6 | B10: ='Calc - Último Relacionamento'!H21 -> 0.51219512 | C10: ='Calc - Aniversário de Cliente'!F21 -> 0 | D10: ='Calc - Data da Prox Agenda'!H21 -> 0 | E10: ='Calc - Última sugestão'!H21 -> 0.5472973 | F10: ='Calc - Saldo em Conta'!H21 -> 0.75108869 | G10: ='Calc - Venc. RF'!I21 -> 0 | H10: ='Calc - Oportunidade'!H24 -> 0 | I10: =B10*B$2+C10*C$2+D10*D$2+E10*E$2+F10*F$2+G10*G$2+H10*H$2 -> 0.23578784
A11: Cliente 7 | B11: ='Calc - Último Relacionamento'!H22 -> 0 | C11: ='Calc - Aniversário de Cliente'!F22 -> 0 | D11: ='Calc - Data da Prox Agenda'!H22 -> 0 | E11: ='Calc - Última sugestão'!H22 -> 0.22972973 | F11: ='Calc - Saldo em Conta'!H22 -> 0 | G11: ='Calc - Venc. RF'!I22 -> 0.48571429 | H11: ='Calc - Oportunidade'!H25 -> 0.34117647 | I11: =B11*B$2+C11*C$2+D11*D$2+E11*E$2+F11*F$2+G11*G$2+H11*H$2 -> 0.2113241
A12: Cliente 8 | B12: ='Calc - Último Relacionamento'!H23 -> 0.25 | C12: ='Calc - Aniversário de Cliente'!F23 -> 0 | D12: ='Calc - Data da Prox Agenda'!H23 -> 0.63865546 | E12: ='Calc - Última sugestão'!H23 -> 0.0067567568 | F12: ='Calc - Saldo em Conta'!H23 -> 0.77266576 | G12: ='Calc - Venc. RF'!I23 -> 0.035714286 | H12: ='Calc - Oportunidade'!H26 -> 0.80294118 | I12: =B12*B$2+C12*C$2+D12*D$2+E12*E$2+F12*F$2+G12*G$2+H12*H$2 -> 0.33521457
A13: Cliente 9 | B13: ='Calc - Último Relacionamento'!H24 -> 0.30792683 | C13: ='Calc - Aniversário de Cliente'!F24 -> 0 | D13: ='Calc - Data da Prox Agenda'!H24 -> 0.61344538 | E13: ='Calc - Última sugestão'!H24 -> 0.17567568 | F13: ='Calc - Saldo em Conta'!H24 -> 0.72513224 | G13: ='Calc - Venc. RF'!I24 -> 0.53142857 | H13: ='Calc - Oportunidade'!H27 -> 0.41764706 | I13: =B13*B$2+C13*C$2+D13*D$2+E13*E$2+F13*F$2+G13*G$2+H13*H$2 -> 0.38960071
A14: Cliente 10 | B14: ='Calc - Último Relacionamento'!H25 -> 0.59146341 | C14: ='Calc - Aniversário de Cliente'!F25 -> 0.76666667 | D14: ='Calc - Data da Prox Agenda'!H25 -> 0 | E14: ='Calc - Última sugestão'!H25 -> 0.45945946 | F14: ='Calc - Saldo em Conta'!H25 -> 1 | G14: ='Calc - Venc. RF'!I25 -> 0 | H14: ='Calc - Oportunidade'!H28 -> 0.11470588 | I14: =B14*B$2+C14*C$2+D14*D$2+E14*E$2+F14*F$2+G14*G$2+H14*H$2 -> 0.35064608
